run_id	label	request_index	sample_index	start_ns	end_ns	jct_s	status	http_code	json_path
1	sglang-nonsd	0	0	1785229318358944974	1785229328000862353	9.641917	0	200	/home/user/vllm/logs/speed_test/sglang-nonsd_b32_speed_tp2/run1_sglang-nonsd_0.json
1	sglang-nonsd	1	1	1785229318359021732	1785229330879951814	12.520930	0	200	/home/user/vllm/logs/speed_test/sglang-nonsd_b32_speed_tp2/run1_sglang-nonsd_1.json
1	sglang-nonsd	2	2	1785229318359568033	1785229329078614540	10.719047	0	200	/home/user/vllm/logs/speed_test/sglang-nonsd_b32_speed_tp2/run1_sglang-nonsd_2.json
1	sglang-nonsd	3	3	1785229318360270358	1785229327077970073	8.717700	0	200	/home/user/vllm/logs/speed_test/sglang-nonsd_b32_speed_tp2/run1_sglang-nonsd_3.json
1	sglang-nonsd	4	4	1785229318362387505	1785229324186322801	5.823935	0	200	/home/user/vllm/logs/speed_test/sglang-nonsd_b32_speed_tp2/run1_sglang-nonsd_4.json
1	sglang-nonsd	5	5	1785229318362372654	1785229328254064406	9.891692	0	200	/home/user/vllm/logs/speed_test/sglang-nonsd_b32_speed_tp2/run1_sglang-nonsd_5.json
1	sglang-nonsd	6	6	1785229318362923736	1785229326615989488	8.253066	0	200	/home/user/vllm/logs/speed_test/sglang-nonsd_b32_speed_tp2/run1_sglang-nonsd_6.json
1	sglang-nonsd	7	7	1785229318363349207	1785229331562278160	13.198929	0	200	/home/user/vllm/logs/speed_test/sglang-nonsd_b32_speed_tp2/run1_sglang-nonsd_7.json
1	sglang-nonsd	8	8	1785229318364029396	1785229326920874054	8.556845	0	200	/home/user/vllm/logs/speed_test/sglang-nonsd_b32_speed_tp2/run1_sglang-nonsd_8.json
1	sglang-nonsd	9	9	1785229318363693386	1785229329218849788	10.855156	0	200	/home/user/vllm/logs/speed_test/sglang-nonsd_b32_speed_tp2/run1_sglang-nonsd_9.json
1	sglang-nonsd	10	10	1785229318364363890	1785229326782728745	8.418365	0	200	/home/user/vllm/logs/speed_test/sglang-nonsd_b32_speed_tp2/run1_sglang-nonsd_10.json
1	sglang-nonsd	11	11	1785229318364859587	1785229329762361623	11.397502	0	200	/home/user/vllm/logs/speed_test/sglang-nonsd_b32_speed_tp2/run1_sglang-nonsd_11.json
1	sglang-nonsd	12	12	1785229318365283737	1785229331651001913	13.285718	0	200	/home/user/vllm/logs/speed_test/sglang-nonsd_b32_speed_tp2/run1_sglang-nonsd_12.json
1	sglang-nonsd	13	13	1785229318365951752	1785229326180186756	7.814235	0	200	/home/user/vllm/logs/speed_test/sglang-nonsd_b32_speed_tp2/run1_sglang-nonsd_13.json
1	sglang-nonsd	14	14	1785229318366553811	1785229329563833030	11.197279	0	200	/home/user/vllm/logs/speed_test/sglang-nonsd_b32_speed_tp2/run1_sglang-nonsd_14.json
1	sglang-nonsd	15	15	1785229318367136648	1785229326758794709	8.391658	0	200	/home/user/vllm/logs/speed_test/sglang-nonsd_b32_speed_tp2/run1_sglang-nonsd_15.json
1	sglang-nonsd	16	16	1785229318367798495	1785229328312507843	9.944709	0	200	/home/user/vllm/logs/speed_test/sglang-nonsd_b32_speed_tp2/run1_sglang-nonsd_16.json
1	sglang-nonsd	17	17	1785229318368240026	1785229325870245760	7.502006	0	200	/home/user/vllm/logs/speed_test/sglang-nonsd_b32_speed_tp2/run1_sglang-nonsd_17.json
1	sglang-nonsd	18	18	1785229318368719637	1785229332970942806	14.602223	0	200	/home/user/vllm/logs/speed_test/sglang-nonsd_b32_speed_tp2/run1_sglang-nonsd_18.json
1	sglang-nonsd	19	19	1785229318369424097	1785229328326661711	9.957238	0	200	/home/user/vllm/logs/speed_test/sglang-nonsd_b32_speed_tp2/run1_sglang-nonsd_19.json
1	sglang-nonsd	20	20	1785229318369962448	1785229329493522940	11.123560	0	200	/home/user/vllm/logs/speed_test/sglang-nonsd_b32_speed_tp2/run1_sglang-nonsd_20.json
1	sglang-nonsd	21	21	1785229318370388242	1785229328002436847	9.632049	0	200	/home/user/vllm/logs/speed_test/sglang-nonsd_b32_speed_tp2/run1_sglang-nonsd_21.json
1	sglang-nonsd	22	22	1785229318370910270	1785229330659268876	12.288359	0	200	/home/user/vllm/logs/speed_test/sglang-nonsd_b32_speed_tp2/run1_sglang-nonsd_22.json
1	sglang-nonsd	23	23	1785229318371559970	1785229329426233208	11.054673	0	200	/home/user/vllm/logs/speed_test/sglang-nonsd_b32_speed_tp2/run1_sglang-nonsd_23.json
1	sglang-nonsd	24	24	1785229318372061422	1785229330510286712	12.138225	0	200	/home/user/vllm/logs/speed_test/sglang-nonsd_b32_speed_tp2/run1_sglang-nonsd_24.json
1	sglang-nonsd	25	25	1785229318372642602	1785229330278500708	11.905858	0	200	/home/user/vllm/logs/speed_test/sglang-nonsd_b32_speed_tp2/run1_sglang-nonsd_25.json
1	sglang-nonsd	26	26	1785229318373282355	1785229332970852645	14.597570	0	200	/home/user/vllm/logs/speed_test/sglang-nonsd_b32_speed_tp2/run1_sglang-nonsd_26.json
1	sglang-nonsd	27	27	1785229318373744160	1785229325455049457	7.081305	0	200	/home/user/vllm/logs/speed_test/sglang-nonsd_b32_speed_tp2/run1_sglang-nonsd_27.json
1	sglang-nonsd	28	28	1785229318374336291	1785229327109491082	8.735155	0	200	/home/user/vllm/logs/speed_test/sglang-nonsd_b32_speed_tp2/run1_sglang-nonsd_28.json
1	sglang-nonsd	29	29	1785229318374919459	1785229328050830937	9.675911	0	200	/home/user/vllm/logs/speed_test/sglang-nonsd_b32_speed_tp2/run1_sglang-nonsd_29.json
1	sglang-nonsd	30	30	1785229318375441780	1785229330721786120	12.346344	0	200	/home/user/vllm/logs/speed_test/sglang-nonsd_b32_speed_tp2/run1_sglang-nonsd_30.json
1	sglang-nonsd	31	31	1785229318376008298	1785229330065319443	11.689311	0	200	/home/user/vllm/logs/speed_test/sglang-nonsd_b32_speed_tp2/run1_sglang-nonsd_31.json
2	sglang-nonsd	0	0	1785229347397977162	1785229355754439498	8.356462	0	200	/home/user/vllm/logs/speed_test/sglang-nonsd_b32_speed_tp2/run2_sglang-nonsd_0.json
2	sglang-nonsd	1	1	1785229347398260963	1785229358424839440	11.026578	0	200	/home/user/vllm/logs/speed_test/sglang-nonsd_b32_speed_tp2/run2_sglang-nonsd_1.json
2	sglang-nonsd	2	2	1785229347398944886	1785229356957297833	9.558353	0	200	/home/user/vllm/logs/speed_test/sglang-nonsd_b32_speed_tp2/run2_sglang-nonsd_2.json
2	sglang-nonsd	3	3	1785229347398903511	1785229354912648039	7.513745	0	200	/home/user/vllm/logs/speed_test/sglang-nonsd_b32_speed_tp2/run2_sglang-nonsd_3.json
2	sglang-nonsd	4	4	1785229347399183434	1785229352020502664	4.621319	0	200	/home/user/vllm/logs/speed_test/sglang-nonsd_b32_speed_tp2/run2_sglang-nonsd_4.json
2	sglang-nonsd	5	5	1785229347399193513	1785229356569308106	9.170115	0	200	/home/user/vllm/logs/speed_test/sglang-nonsd_b32_speed_tp2/run2_sglang-nonsd_5.json
2	sglang-nonsd	6	6	1785229347399783075	1785229354587060373	7.187277	0	200	/home/user/vllm/logs/speed_test/sglang-nonsd_b32_speed_tp2/run2_sglang-nonsd_6.json
2	sglang-nonsd	7	7	1785229347400674881	1785229360274061083	12.873386	0	200	/home/user/vllm/logs/speed_test/sglang-nonsd_b32_speed_tp2/run2_sglang-nonsd_7.json
2	sglang-nonsd	8	8	1785229347401424770	1785229354782906257	7.381481	0	200	/home/user/vllm/logs/speed_test/sglang-nonsd_b32_speed_tp2/run2_sglang-nonsd_8.json
2	sglang-nonsd	9	9	1785229347400719645	1785229356889129640	9.488410	0	200	/home/user/vllm/logs/speed_test/sglang-nonsd_b32_speed_tp2/run2_sglang-nonsd_9.json
2	sglang-nonsd	10	10	1785229347401672838	1785229354938639350	7.536967	0	200	/home/user/vllm/logs/speed_test/sglang-nonsd_b32_speed_tp2/run2_sglang-nonsd_10.json
2	sglang-nonsd	11	11	1785229347400613565	1785229357831452702	10.430839	0	200	/home/user/vllm/logs/speed_test/sglang-nonsd_b32_speed_tp2/run2_sglang-nonsd_11.json
2	sglang-nonsd	12	12	1785229347401186742	1785229359164591788	11.763405	0	200	/home/user/vllm/logs/speed_test/sglang-nonsd_b32_speed_tp2/run2_sglang-nonsd_12.json
2	sglang-nonsd	13	13	1785229347402604823	1785229354177338804	6.774734	0	200	/home/user/vllm/logs/speed_test/sglang-nonsd_b32_speed_tp2/run2_sglang-nonsd_13.json
2	sglang-nonsd	14	14	1785229347401486699	1785229356332972333	8.931486	0	200	/home/user/vllm/logs/speed_test/sglang-nonsd_b32_speed_tp2/run2_sglang-nonsd_14.json
2	sglang-nonsd	15	15	1785229347401591185	1785229354562779583	7.161188	0	200	/home/user/vllm/logs/speed_test/sglang-nonsd_b32_speed_tp2/run2_sglang-nonsd_15.json
2	sglang-nonsd	16	16	1785229347402214754	1785229356157627462	8.755413	0	200	/home/user/vllm/logs/speed_test/sglang-nonsd_b32_speed_tp2/run2_sglang-nonsd_16.json
2	sglang-nonsd	17	17	1785229347402469522	1785229353704390208	6.301921	0	200	/home/user/vllm/logs/speed_test/sglang-nonsd_b32_speed_tp2/run2_sglang-nonsd_17.json
2	sglang-nonsd	18	18	1785229347402577590	1785229360272978140	12.870401	0	200	/home/user/vllm/logs/speed_test/sglang-nonsd_b32_speed_tp2/run2_sglang-nonsd_18.json
2	sglang-nonsd	19	19	1785229347402680267	1785229356287059873	8.884380	0	200	/home/user/vllm/logs/speed_test/sglang-nonsd_b32_speed_tp2/run2_sglang-nonsd_19.json
2	sglang-nonsd	20	20	1785229347403134817	1785229357180343973	9.777209	0	200	/home/user/vllm/logs/speed_test/sglang-nonsd_b32_speed_tp2/run2_sglang-nonsd_20.json
2	sglang-nonsd	21	21	1785229347403364025	1785229355652367048	8.249003	0	200	/home/user/vllm/logs/speed_test/sglang-nonsd_b32_speed_tp2/run2_sglang-nonsd_21.json
2	sglang-nonsd	22	22	1785229347403675590	1785229358381922301	10.978247	0	200	/home/user/vllm/logs/speed_test/sglang-nonsd_b32_speed_tp2/run2_sglang-nonsd_22.json
2	sglang-nonsd	23	23	1785229347403879241	1785229356613958791	9.210080	0	200	/home/user/vllm/logs/speed_test/sglang-nonsd_b32_speed_tp2/run2_sglang-nonsd_23.json
2	sglang-nonsd	24	24	1785229347404176958	1785229358087016062	10.682839	0	200	/home/user/vllm/logs/speed_test/sglang-nonsd_b32_speed_tp2/run2_sglang-nonsd_24.json
2	sglang-nonsd	25	25	1785229347404385242	1785229358173912540	10.769527	0	200	/home/user/vllm/logs/speed_test/sglang-nonsd_b32_speed_tp2/run2_sglang-nonsd_25.json
2	sglang-nonsd	26	26	1785229347404699125	1785229360272696310	12.867997	0	200	/home/user/vllm/logs/speed_test/sglang-nonsd_b32_speed_tp2/run2_sglang-nonsd_26.json
2	sglang-nonsd	27	27	1785229347406194059	1785229353344797616	5.938604	0	200	/home/user/vllm/logs/speed_test/sglang-nonsd_b32_speed_tp2/run2_sglang-nonsd_27.json
2	sglang-nonsd	28	28	1785229347405387411	1785229353815395030	6.410008	0	200	/home/user/vllm/logs/speed_test/sglang-nonsd_b32_speed_tp2/run2_sglang-nonsd_28.json
2	sglang-nonsd	29	29	1785229347405998276	1785229355728605941	8.322608	0	200	/home/user/vllm/logs/speed_test/sglang-nonsd_b32_speed_tp2/run2_sglang-nonsd_29.json
2	sglang-nonsd	30	30	1785229347405921628	1785229360274010767	12.868089	0	200	/home/user/vllm/logs/speed_test/sglang-nonsd_b32_speed_tp2/run2_sglang-nonsd_30.json
2	sglang-nonsd	31	31	1785229347406179961	1785229358424423204	11.018243	0	200	/home/user/vllm/logs/speed_test/sglang-nonsd_b32_speed_tp2/run2_sglang-nonsd_31.json
3	sglang-nonsd	0	0	1785229375612487366	1785229383925135120	8.312648	0	200	/home/user/vllm/logs/speed_test/sglang-nonsd_b32_speed_tp2/run3_sglang-nonsd_0.json
3	sglang-nonsd	1	1	1785229375612487301	1785229386594651144	10.982164	0	200	/home/user/vllm/logs/speed_test/sglang-nonsd_b32_speed_tp2/run3_sglang-nonsd_1.json
3	sglang-nonsd	2	2	1785229375612973303	1785229385127767667	9.514794	0	200	/home/user/vllm/logs/speed_test/sglang-nonsd_b32_speed_tp2/run3_sglang-nonsd_2.json
3	sglang-nonsd	3	3	1785229375613239017	1785229383082450775	7.469212	0	200	/home/user/vllm/logs/speed_test/sglang-nonsd_b32_speed_tp2/run3_sglang-nonsd_3.json
3	sglang-nonsd	4	4	1785229375613654180	1785229380188736248	4.575082	0	200	/home/user/vllm/logs/speed_test/sglang-nonsd_b32_speed_tp2/run3_sglang-nonsd_4.json
3	sglang-nonsd	5	5	1785229375614572756	1785229384738675477	9.124103	0	200	/home/user/vllm/logs/speed_test/sglang-nonsd_b32_speed_tp2/run3_sglang-nonsd_5.json
3	sglang-nonsd	6	6	1785229375614502699	1785229382758901191	7.144398	0	200	/home/user/vllm/logs/speed_test/sglang-nonsd_b32_speed_tp2/run3_sglang-nonsd_6.json
3	sglang-nonsd	7	7	1785229375615027654	1785229388447946631	12.832919	0	200	/home/user/vllm/logs/speed_test/sglang-nonsd_b32_speed_tp2/run3_sglang-nonsd_7.json
3	sglang-nonsd	8	8	1785229375616032433	1785229382954721504	7.338689	0	200	/home/user/vllm/logs/speed_test/sglang-nonsd_b32_speed_tp2/run3_sglang-nonsd_8.json
3	sglang-nonsd	9	9	1785229375615854717	1785229385061168286	9.445314	0	200	/home/user/vllm/logs/speed_test/sglang-nonsd_b32_speed_tp2/run3_sglang-nonsd_9.json
3	sglang-nonsd	10	10	1785229375616118309	1785229383109404846	7.493287	0	200	/home/user/vllm/logs/speed_test/sglang-nonsd_b32_speed_tp2/run3_sglang-nonsd_10.json
3	sglang-nonsd	11	11	1785229375616630637	1785229386001476564	10.384846	0	200	/home/user/vllm/logs/speed_test/sglang-nonsd_b32_speed_tp2/run3_sglang-nonsd_11.json
3	sglang-nonsd	12	12	1785229375617039750	1785229387336254710	11.719215	0	200	/home/user/vllm/logs/speed_test/sglang-nonsd_b32_speed_tp2/run3_sglang-nonsd_12.json
3	sglang-nonsd	13	13	1785229375617473894	1785229382344002545	6.726529	0	200	/home/user/vllm/logs/speed_test/sglang-nonsd_b32_speed_tp2/run3_sglang-nonsd_13.json
3	sglang-nonsd	14	14	1785229375617794606	1785229384504246088	8.886451	0	200	/home/user/vllm/logs/speed_test/sglang-nonsd_b32_speed_tp2/run3_sglang-nonsd_14.json
3	sglang-nonsd	15	15	1785229375618074739	1785229382730864830	7.112790	0	200	/home/user/vllm/logs/speed_test/sglang-nonsd_b32_speed_tp2/run3_sglang-nonsd_15.json
3	sglang-nonsd	16	16	1785229375618531895	1785229384329250672	8.710719	0	200	/home/user/vllm/logs/speed_test/sglang-nonsd_b32_speed_tp2/run3_sglang-nonsd_16.json
3	sglang-nonsd	17	17	1785229375618938066	1785229381874340114	6.255402	0	200	/home/user/vllm/logs/speed_test/sglang-nonsd_b32_speed_tp2/run3_sglang-nonsd_17.json
3	sglang-nonsd	18	18	1785229375619395971	1785229388448685307	12.829289	0	200	/home/user/vllm/logs/speed_test/sglang-nonsd_b32_speed_tp2/run3_sglang-nonsd_18.json
3	sglang-nonsd	19	19	1785229375619858859	1785229384452496103	8.832637	0	200	/home/user/vllm/logs/speed_test/sglang-nonsd_b32_speed_tp2/run3_sglang-nonsd_19.json
3	sglang-nonsd	20	20	1785229375620126754	1785229385352546562	9.732420	0	200	/home/user/vllm/logs/speed_test/sglang-nonsd_b32_speed_tp2/run3_sglang-nonsd_20.json
3	sglang-nonsd	21	21	1785229375620785084	1785229383822958800	8.202174	0	200	/home/user/vllm/logs/speed_test/sglang-nonsd_b32_speed_tp2/run3_sglang-nonsd_21.json
3	sglang-nonsd	22	22	1785229375620863476	1785229386557861389	10.936998	0	200	/home/user/vllm/logs/speed_test/sglang-nonsd_b32_speed_tp2/run3_sglang-nonsd_22.json
3	sglang-nonsd	23	23	1785229375621975700	1785229384788284137	9.166308	0	200	/home/user/vllm/logs/speed_test/sglang-nonsd_b32_speed_tp2/run3_sglang-nonsd_23.json
3	sglang-nonsd	24	24	1785229375621611887	1785229386258254869	10.636643	0	200	/home/user/vllm/logs/speed_test/sglang-nonsd_b32_speed_tp2/run3_sglang-nonsd_24.json
3	sglang-nonsd	25	25	1785229375622227799	1785229386343582774	10.721355	0	200	/home/user/vllm/logs/speed_test/sglang-nonsd_b32_speed_tp2/run3_sglang-nonsd_25.json
3	sglang-nonsd	26	26	1785229375622436052	1785229388447172147	12.824736	0	200	/home/user/vllm/logs/speed_test/sglang-nonsd_b32_speed_tp2/run3_sglang-nonsd_26.json
3	sglang-nonsd	27	27	1785229375622978166	1785229381519043085	5.896065	0	200	/home/user/vllm/logs/speed_test/sglang-nonsd_b32_speed_tp2/run3_sglang-nonsd_27.json
3	sglang-nonsd	28	28	1785229375623447618	1785229381981934368	6.358487	0	200	/home/user/vllm/logs/speed_test/sglang-nonsd_b32_speed_tp2/run3_sglang-nonsd_28.json
3	sglang-nonsd	29	29	1785229375623763270	1785229383898860252	8.275097	0	200	/home/user/vllm/logs/speed_test/sglang-nonsd_b32_speed_tp2/run3_sglang-nonsd_29.json
3	sglang-nonsd	30	30	1785229375624233911	1785229388448116361	12.823882	0	200	/home/user/vllm/logs/speed_test/sglang-nonsd_b32_speed_tp2/run3_sglang-nonsd_30.json
3	sglang-nonsd	31	31	1785229375624546948	1785229386594825174	10.970278	0	200	/home/user/vllm/logs/speed_test/sglang-nonsd_b32_speed_tp2/run3_sglang-nonsd_31.json
4	sglang-nonsd	0	0	1785229403796954339	1785229412173459112	8.376505	0	200	/home/user/vllm/logs/speed_test/sglang-nonsd_b32_speed_tp2/run4_sglang-nonsd_0.json
4	sglang-nonsd	1	1	1785229403797115283	1785229414842107221	11.044992	0	200	/home/user/vllm/logs/speed_test/sglang-nonsd_b32_speed_tp2/run4_sglang-nonsd_1.json
4	sglang-nonsd	2	2	1785229403797315371	1785229413376159558	9.578844	0	200	/home/user/vllm/logs/speed_test/sglang-nonsd_b32_speed_tp2/run4_sglang-nonsd_2.json
4	sglang-nonsd	3	3	1785229403797571543	1785229411279514025	7.481942	0	200	/home/user/vllm/logs/speed_test/sglang-nonsd_b32_speed_tp2/run4_sglang-nonsd_3.json
4	sglang-nonsd	4	4	1785229403797789488	1785229408428324401	4.630535	0	200	/home/user/vllm/logs/speed_test/sglang-nonsd_b32_speed_tp2/run4_sglang-nonsd_4.json
4	sglang-nonsd	5	5	1785229403798041186	1785229412986248735	9.188208	0	200	/home/user/vllm/logs/speed_test/sglang-nonsd_b32_speed_tp2/run4_sglang-nonsd_5.json
4	sglang-nonsd	6	6	1785229403798301953	1785229411009973906	7.211672	0	200	/home/user/vllm/logs/speed_test/sglang-nonsd_b32_speed_tp2/run4_sglang-nonsd_6.json
4	sglang-nonsd	7	7	1785229403798533541	1785229416686631649	12.888098	0	200	/home/user/vllm/logs/speed_test/sglang-nonsd_b32_speed_tp2/run4_sglang-nonsd_7.json
4	sglang-nonsd	8	8	1785229403798785300	1785229411205866927	7.407082	0	200	/home/user/vllm/logs/speed_test/sglang-nonsd_b32_speed_tp2/run4_sglang-nonsd_8.json
4	sglang-nonsd	9	9	1785229403799168280	1785229412961709634	9.162541	0	200	/home/user/vllm/logs/speed_test/sglang-nonsd_b32_speed_tp2/run4_sglang-nonsd_9.json
4	sglang-nonsd	10	10	1785229403800696039	1785229411357494227	7.556798	0	200	/home/user/vllm/logs/speed_test/sglang-nonsd_b32_speed_tp2/run4_sglang-nonsd_10.json
4	sglang-nonsd	11	11	1785229403800802530	1785229414248298584	10.447496	0	200	/home/user/vllm/logs/speed_test/sglang-nonsd_b32_speed_tp2/run4_sglang-nonsd_11.json
4	sglang-nonsd	12	12	1785229403800395412	1785229415582042458	11.781647	0	200	/home/user/vllm/logs/speed_test/sglang-nonsd_b32_speed_tp2/run4_sglang-nonsd_12.json
4	sglang-nonsd	13	13	1785229403800693096	1785229410595072676	6.794380	0	200	/home/user/vllm/logs/speed_test/sglang-nonsd_b32_speed_tp2/run4_sglang-nonsd_13.json
4	sglang-nonsd	14	14	1785229403801413883	1785229412756949406	8.955536	0	200	/home/user/vllm/logs/speed_test/sglang-nonsd_b32_speed_tp2/run4_sglang-nonsd_14.json
4	sglang-nonsd	15	15	1785229403801893246	1785229410987075804	7.185183	0	200	/home/user/vllm/logs/speed_test/sglang-nonsd_b32_speed_tp2/run4_sglang-nonsd_15.json
4	sglang-nonsd	16	16	1785229403802519700	1785229412576709926	8.774190	0	200	/home/user/vllm/logs/speed_test/sglang-nonsd_b32_speed_tp2/run4_sglang-nonsd_16.json
4	sglang-nonsd	17	17	1785229403803221054	1785229410124337098	6.321116	0	200	/home/user/vllm/logs/speed_test/sglang-nonsd_b32_speed_tp2/run4_sglang-nonsd_17.json
4	sglang-nonsd	18	18	1785229403803676049	1785229416686843959	12.883168	0	200	/home/user/vllm/logs/speed_test/sglang-nonsd_b32_speed_tp2/run4_sglang-nonsd_18.json
4	sglang-nonsd	19	19	1785229403804233078	1785229412733155703	8.928923	0	200	/home/user/vllm/logs/speed_test/sglang-nonsd_b32_speed_tp2/run4_sglang-nonsd_19.json
4	sglang-nonsd	20	20	1785229403804793274	1785229413598277402	9.793484	0	200	/home/user/vllm/logs/speed_test/sglang-nonsd_b32_speed_tp2/run4_sglang-nonsd_20.json
4	sglang-nonsd	21	21	1785229403805583992	1785229412070835998	8.265252	0	200	/home/user/vllm/logs/speed_test/sglang-nonsd_b32_speed_tp2/run4_sglang-nonsd_21.json
4	sglang-nonsd	22	22	1785229403806030046	1785229414799309728	10.993280	0	200	/home/user/vllm/logs/speed_test/sglang-nonsd_b32_speed_tp2/run4_sglang-nonsd_22.json
4	sglang-nonsd	23	23	1785229403806669694	1785229413032759421	9.226090	0	200	/home/user/vllm/logs/speed_test/sglang-nonsd_b32_speed_tp2/run4_sglang-nonsd_23.json
4	sglang-nonsd	24	24	1785229403807364751	1785229414511964273	10.704600	0	200	/home/user/vllm/logs/speed_test/sglang-nonsd_b32_speed_tp2/run4_sglang-nonsd_24.json
4	sglang-nonsd	25	25	1785229403808061243	1785229414592550423	10.784489	0	200	/home/user/vllm/logs/speed_test/sglang-nonsd_b32_speed_tp2/run4_sglang-nonsd_25.json
4	sglang-nonsd	26	26	1785229403808490090	1785229416686496527	12.878006	0	200	/home/user/vllm/logs/speed_test/sglang-nonsd_b32_speed_tp2/run4_sglang-nonsd_26.json
4	sglang-nonsd	27	27	1785229403809081357	1785229409767200395	5.958119	0	200	/home/user/vllm/logs/speed_test/sglang-nonsd_b32_speed_tp2/run4_sglang-nonsd_27.json
4	sglang-nonsd	28	28	1785229403809765971	1785229410235076913	6.425311	0	200	/home/user/vllm/logs/speed_test/sglang-nonsd_b32_speed_tp2/run4_sglang-nonsd_28.json
4	sglang-nonsd	29	29	1785229403810237867	1785229412324300289	8.514062	0	200	/home/user/vllm/logs/speed_test/sglang-nonsd_b32_speed_tp2/run4_sglang-nonsd_29.json
4	sglang-nonsd	30	30	1785229403810880677	1785229416686387551	12.875507	0	200	/home/user/vllm/logs/speed_test/sglang-nonsd_b32_speed_tp2/run4_sglang-nonsd_30.json
4	sglang-nonsd	31	31	1785229403811521005	1785229414843547970	11.032027	0	200	/home/user/vllm/logs/speed_test/sglang-nonsd_b32_speed_tp2/run4_sglang-nonsd_31.json
5	sglang-nonsd	0	0	1785229431420283593	1785229439724403356	8.304120	0	200	/home/user/vllm/logs/speed_test/sglang-nonsd_b32_speed_tp2/run5_sglang-nonsd_0.json
5	sglang-nonsd	1	1	1785229431420870411	1785229442390530815	10.969660	0	200	/home/user/vllm/logs/speed_test/sglang-nonsd_b32_speed_tp2/run5_sglang-nonsd_1.json
5	sglang-nonsd	2	2	1785229431421595004	1785229440924153141	9.502558	0	200	/home/user/vllm/logs/speed_test/sglang-nonsd_b32_speed_tp2/run5_sglang-nonsd_2.json
5	sglang-nonsd	3	3	1785229431422218136	1785229438829046176	7.406828	0	200	/home/user/vllm/logs/speed_test/sglang-nonsd_b32_speed_tp2/run5_sglang-nonsd_3.json
5	sglang-nonsd	4	4	1785229431422762575	1785229435984166262	4.561404	0	200	/home/user/vllm/logs/speed_test/sglang-nonsd_b32_speed_tp2/run5_sglang-nonsd_4.json
5	sglang-nonsd	5	5	1785229431423345998	1785229440534400092	9.111054	0	200	/home/user/vllm/logs/speed_test/sglang-nonsd_b32_speed_tp2/run5_sglang-nonsd_5.json
5	sglang-nonsd	6	6	1785229431423967346	1785229438556904450	7.132937	0	200	/home/user/vllm/logs/speed_test/sglang-nonsd_b32_speed_tp2/run5_sglang-nonsd_6.json
5	sglang-nonsd	7	7	1785229431424779239	1785229444234887899	12.810109	0	200	/home/user/vllm/logs/speed_test/sglang-nonsd_b32_speed_tp2/run5_sglang-nonsd_7.json
5	sglang-nonsd	8	8	1785229431425729435	1785229438749673988	7.323945	0	200	/home/user/vllm/logs/speed_test/sglang-nonsd_b32_speed_tp2/run5_sglang-nonsd_8.json
5	sglang-nonsd	9	9	1785229431426155913	1785229440508978737	9.082823	0	200	/home/user/vllm/logs/speed_test/sglang-nonsd_b32_speed_tp2/run5_sglang-nonsd_9.json
5	sglang-nonsd	10	10	1785229431426513609	1785229438906793156	7.480280	0	200	/home/user/vllm/logs/speed_test/sglang-nonsd_b32_speed_tp2/run5_sglang-nonsd_10.json
5	sglang-nonsd	11	11	1785229431427101530	1785229441794626760	10.367525	0	200	/home/user/vllm/logs/speed_test/sglang-nonsd_b32_speed_tp2/run5_sglang-nonsd_11.json
5	sglang-nonsd	12	12	1785229431427732277	1785229443130178833	11.702447	0	200	/home/user/vllm/logs/speed_test/sglang-nonsd_b32_speed_tp2/run5_sglang-nonsd_12.json
5	sglang-nonsd	13	13	1785229431428331623	1785229438141662078	6.713330	0	200	/home/user/vllm/logs/speed_test/sglang-nonsd_b32_speed_tp2/run5_sglang-nonsd_13.json
5	sglang-nonsd	14	14	1785229431429055748	1785229440298969413	8.869914	0	200	/home/user/vllm/logs/speed_test/sglang-nonsd_b32_speed_tp2/run5_sglang-nonsd_14.json
5	sglang-nonsd	15	15	1785229431429560285	1785229438532484438	7.102924	0	200	/home/user/vllm/logs/speed_test/sglang-nonsd_b32_speed_tp2/run5_sglang-nonsd_15.json
5	sglang-nonsd	16	16	1785229431430274838	1785229440123214549	8.692940	0	200	/home/user/vllm/logs/speed_test/sglang-nonsd_b32_speed_tp2/run5_sglang-nonsd_16.json
5	sglang-nonsd	17	17	1785229431430812783	1785229437670810106	6.239997	0	200	/home/user/vllm/logs/speed_test/sglang-nonsd_b32_speed_tp2/run5_sglang-nonsd_17.json
5	sglang-nonsd	18	18	1785229431431337638	1785229444234737203	12.803400	0	200	/home/user/vllm/logs/speed_test/sglang-nonsd_b32_speed_tp2/run5_sglang-nonsd_18.json
5	sglang-nonsd	19	19	1785229431431978465	1785229440271289754	8.839311	0	200	/home/user/vllm/logs/speed_test/sglang-nonsd_b32_speed_tp2/run5_sglang-nonsd_19.json
5	sglang-nonsd	20	20	1785229431432572831	1785229441146736106	9.714163	0	200	/home/user/vllm/logs/speed_test/sglang-nonsd_b32_speed_tp2/run5_sglang-nonsd_20.json
5	sglang-nonsd	21	21	1785229431433268759	1785229439617955361	8.184687	0	200	/home/user/vllm/logs/speed_test/sglang-nonsd_b32_speed_tp2/run5_sglang-nonsd_21.json
5	sglang-nonsd	22	22	1785229431433759515	1785229442345643676	10.911884	0	200	/home/user/vllm/logs/speed_test/sglang-nonsd_b32_speed_tp2/run5_sglang-nonsd_22.json
5	sglang-nonsd	23	23	1785229431434414976	1785229440579107626	9.144693	0	200	/home/user/vllm/logs/speed_test/sglang-nonsd_b32_speed_tp2/run5_sglang-nonsd_23.json
5	sglang-nonsd	24	24	1785229431434991923	1785229442057311093	10.622319	0	200	/home/user/vllm/logs/speed_test/sglang-nonsd_b32_speed_tp2/run5_sglang-nonsd_24.json
5	sglang-nonsd	25	25	1785229431435583657	1785229442138487580	10.702904	0	200	/home/user/vllm/logs/speed_test/sglang-nonsd_b32_speed_tp2/run5_sglang-nonsd_25.json
5	sglang-nonsd	26	26	1785229431436258694	1785229444234072379	12.797814	0	200	/home/user/vllm/logs/speed_test/sglang-nonsd_b32_speed_tp2/run5_sglang-nonsd_26.json
5	sglang-nonsd	27	27	1785229431436747609	1785229437310736258	5.873989	0	200	/home/user/vllm/logs/speed_test/sglang-nonsd_b32_speed_tp2/run5_sglang-nonsd_27.json
5	sglang-nonsd	28	28	1785229431437383846	1785229437780988470	6.343605	0	200	/home/user/vllm/logs/speed_test/sglang-nonsd_b32_speed_tp2/run5_sglang-nonsd_28.json
5	sglang-nonsd	29	29	1785229431438043621	1785229439870689472	8.432646	0	200	/home/user/vllm/logs/speed_test/sglang-nonsd_b32_speed_tp2/run5_sglang-nonsd_29.json
5	sglang-nonsd	30	30	1785229431438627580	1785229444234127559	12.795500	0	200	/home/user/vllm/logs/speed_test/sglang-nonsd_b32_speed_tp2/run5_sglang-nonsd_30.json
5	sglang-nonsd	31	31	1785229431439228108	1785229442390379456	10.951151	0	200	/home/user/vllm/logs/speed_test/sglang-nonsd_b32_speed_tp2/run5_sglang-nonsd_31.json
